{
    "input": {
        "magic": "APF_VER_1",
        "controllers": [
            {
                "type": "default",
              "mappings": [
                    {
                        "id": 0,
                        "name": "Pad 1 Button B",
                        "key": "pad_btn_a"
                    },
                    {
                        "id": 1,
                        "name": "Pad 1 Button A",
                        "key": "pad_btn_b"
                    },
                    {
                        "id": 2,
                        "name": "Pad 1 Button D",
                        "key": "pad_btn_x"
                    },
                    {
                        "id": 3,
                        "name": "Pad 1 Button B",
                        "key": "pad_btn_y"
                    },
                    {
                        "id": 4,
                        "name": "Pad 1 Left Trigger",
                        "key": "pad_trig_l"
                    },
                    {
                        "id": 5,
                        "name": "Pad 1 Right Trigger",
                        "key": "pad_trig_r"
                    },
                    {
                        "id": 6,
                        "name": "Pad 1 Start",
                        "key": "pad_btn_start"
                    }
                ]
            }
        ]
    }
}