{
  "core": {
    "magic": "APF_VER_1",
    "metadata": {
      "platform_ids": [
        "amiga"
      ],
      "shortname": "Amiga",
      "description": "Amiga 500 Core",
      "author": "Mazamars312",
      "url": "https://github.com/Mazamars312/Analogue-Amiga",
      "version": "0.1.0",
      "date_release": "2023-04-27"
    },
    "framework": {
      "target_product": "Analogue Pocket",
      "version_required": "1.1",
      "sleep_supported": false,
      "dock": {
        "supported": true,
        "analog_output": false
      },
      "hardware": {
        "link_port": false,
        "cartridge_adapter": 0
      }
    },
    "cores": [
      {
        "name": "default",
        "id": 0,
        "filename": "Bitstream.rbf_r"
      }
    ]
  }
}