{
  "data": {
    "magic": "APF_VER_1",
    "data_slots": [
      
	  {
        "name": "MPU Bios",
        "id": "200",
        "required": true,
        "parameters": 2,
        "filename": "mpu.bin",
        "extensions": [
		"bin"
		],
        "address": "0x00000000"
      },	
		{
        "name": "BIOS",
        "id": "210",
        "required": true,
		"deferload": true,
        "parameters": 9,
		"size_maximum": 1048576,
        "filename": "MegaAGS-Kickstart.rom",
        "address": "0x90f00000"
      },
	  {
        "name": "harddrive - Fast 1",
        "id": "310",
        "required": false,
		"deferload": true,
        "parameters": 0,
        "extensions": [
		"hdf"
		],
        "filename": "MegaAGS-Pocket-alpha2.hdf"
      },
	  {
        "name": "harddrive - Fast 2",
        "id": "311",
        "required": false,
		"deferload": true,
        "parameters": 0,
        "extensions": [
		"hdf"
		],
        "filename": "HDD-2.hdf"
      },	  
	  {
        "name": "harddrive - Slow 1",
        "id": "312",
        "required": false,
		"deferload": true,
        "parameters": 0,
        "extensions": [
		"hdf"
		],
        "filename": "HDD-3.hdf"
      },
	  {
        "name": "harddrive - Slow 2",
        "id": "313",
        "required": false,
		"deferload": true,
        "parameters": 0,
        "extensions": [
		"hdf"
		],
        "filename": "HDD-4.hdf"
      },
	  {
        "name": "Floppy drive 0",
        "id": "320",
        "required": false,
		"deferload": true,
        "parameters": 1,
        "extensions": [
		"adf"
		],
        "size_exact": 0,
        "size_maximum": 1572864,
        "address": "0x00000000"
      },
	  {
        "name": "Floppy drive 1",
        "id": "321",
        "required": false,
		"deferload": true,
        "parameters": 1,
        "extensions": [
		"adf"
		],
        "size_exact": 0,
        "size_maximum": 1572864,
        "address": "0x00000000"
      }
    ]
  }
}
