{
  "interact": {
    "magic": "APF_VER_1",
    "variables": [
	{
        "name": "CPU Reset",
        "id": 121,
        "type": "check",
        "enabled": true,
        "address": "0xf0000000",
        "defaultval": 0,
        "value": 1,
		"value_off" : 0,
        "mask": "0xFFFFFFFE"
	},
	{
        "name": "FDD/HDD LED",
        "id": 140,
        "type": "check",
        "enabled": true,
        "address": "0xf000001C",
        "defaultval": 0,
        "value": 0,
		"value_off" : 1,
        "mask": "0xFFFFFFFE"
	},
	{
        "name": "Installed Floppy Drives",
        "id": 120,
        "type": "list",
        "enabled": true,
        "persist": true,
        "address": "0xf0000004",
        "defaultval": 0,
        "mask": "0xFFFFfff0",
        "options": [
		{
			"value": "0x0000",
			"name": "1 Drive 1x Speed"
		},
		{
			"value": "0x0001",
			"name": "1 Drive 2x Speed"
		},
		{
			"value": "0x0004",
			"name": "2 Drive 1x Speed"
		},
		{
			"value": "0x0005",
			"name": "2 Drive 2x Speed"
		}
        ]
	},
	{
        "name": "Port 1/Port 2",
        "id": 128,
        "type": "list",
        "enabled": true,
        "persist": true,
        "address": "0xf0000014",
        "defaultval": "0x80000000",
        "mask": "0x0FFFFFFF",
        "options": [
		{
			"value": "0x0000",
			"name": "JOYSTICK 1/JOYSTICK 2"
		},
		{
			"value": "0x40000000",
			"name": "JOYSTICK 2/JOYSTICK 1"
		},
		{
			"value": "0x80000000",
			"name": "MOUSE/JOYSTICK 1"
		},
		{
			"value": "0x20000000",
			"name": "CD32PAD 1/CD32PAD 2"
		},
		{
			"value": "0x30000000",
			"name": "CD32PAD 2/CD32PAD 1"
		},
		{
			"value": "0xa0000000",
			"name": "MOUSE/CD32PAD 1"
		}
        ]
	},
	{
        "name": "Mouse Speed",
        "id": 133,
        "type": "slider_u32",
		"defaultval": "10",
        "enabled": true,
        "persist": true,
        "address": "0xf0000014",
        "mask": "0xFFFFFF00",
		"graphical": {
			"signed": false,
			"min": 1,
			"max": 32,
			"adjust_small": 1,
			"adjust_large": 1
		}
                
	},
	{
		"name": "Screen X Position",
		"id": 123,
		"type": "slider_u32",
		"enabled": true,
		"defaultval": "39",
		"persist": true,
		"address": "0xA0000000",
		"mask": "0x00000000",
		"graphical": {
			"signed": false,
			"min": 0,
			"max": 300,
			"adjust_small": 1,
			"adjust_large": 2
		}
	},
	{
		"name": "Screen Y Position",
		"id": 124,
		"type": "slider_u32",
		"enabled": true,
		"persist": true,
		"defaultval": "40",
		"address": "0xA0000004",
		"mask": "0x00000000",
		"graphical": {
			"signed": false,
			"min": 0,
			"max": 300,
			"adjust_small": 1,
			"adjust_large": 1
		}
	},
	{
        "name": "System Config",
        "id": 125,
        "type": "list",
        "enabled": true,
        "persist": true,
        "address": "0xf0000008",
        "defaultval": 0,
        "mask": "0xFFFFFFEC",
        "options": [
		{
			"value": "0x0000",
			"name": "OG/Standard/PAL"
		},
		{
			"value": "0x0002",
			"name": "OG/Standard/NTSC"
		},
		{
			"value": "0x0001",
			"name": "OG/Turbo/PAL"
		},
		{
			"value": "0x0003",
			"name": "OG/Turbo/NTSC"
		},
		{
			"value": "0x0010",
			"name": "AGA/Standard/PAL"
		},
		{
			"value": "0x0012",
			"name": "AGA/Standard/NTSC"
		},
		{
			"value": "0x0011",
			"name": "AGA/Turbo/PAL"
		},
		{
			"value": "0x0013",
			"name": "AGA/Turbo/NTSC"
		}
        ]
	},
	{
        "name": "CPU Type",
        "id": 129,
        "type": "list",
        "enabled": true,
        "persist": true,
        "address": "0xf000000c",
        "defaultval": "0x0003",
        "mask": "0xFFFFfff8",
        "options": [
		{
			"value": "0x0000",
			"name": "68000K CPU"
		},
		{
			"value": "0x0001",
			"name": "68010K CPU"
		},
		{
			"value": "0x0003",
			"name": "68020K CPU - No Cache"
		},
		{
			"value": "0x0007",
			"name": "68020K CPU - Cache"
		}
        ]
	},
	{
        "name": "memory - chip",
        "id": 130,
        "type": "list",
        "enabled": true,
        "persist": true,
        "address": "0xf0000010",
        "defaultval": 0,
        "mask": "0xFFFFfffc",
        "options": [
			{
				"value": "0x00",
				"name": "512kb"
			},
			{
				"value": "0x01",
				"name": "1Mb"
			},
			{
				"value": "0x02",
				"name": "1.5Mb"
			},
			{
				"value": "0x03",
				"name": "2Mb"
			}
        ]
	},
	{
        "name": "memory - slow",
        "id": 131,
        "type": "list",
        "enabled": true,
        "persist": true,
        "address": "0xf0000010",
        "defaultval": 0,
        "mask": "0xFFFFfff3",
        "options": [
			{
				"value": "0x0000",
				"name": "None"
			},
			{
				"value": "0x0004",
				"name": "512K"
			},
			{
				"value": "0x0008",
				"name": "1Mb"
			},
			{
				"value": "0x000c",
				"name": "1.5Mb"
			}
        ]
	},
	{
        "name": "memory - fast",
        "id": 132,
        "type": "list",
        "enabled": true,
        "persist": true,
        "address": "0xf0000010",
        "defaultval": "0x0000",
        "mask": "0xFFFFff8f",
        "options": [
			{
				"value": "0x0000",
				"name": "0Mbytes"
			},
			{
				"value": "0x0010",
				"name": "2Mbytes"
			},
			{
				"value": "0x0020",
				"name": "4Mbytes"
			},
			{
				"value": "0x0030",
				"name": "8Mbytes"
			},
			{
				"value": "0x0040",
				"name": "16Mbytes"
			},
			{
				"value": "0x0050",
				"name": "32Mbytes"
			}
        ]
      },
	{
        "name": "Audio Filter",
        "id": 141,
        "type": "list",
        "enabled": true,
        "persist": true,
        "address": "0xf000001C",
        "defaultval": 0,
        "mask": "0xFFFFFFF1",
        "options": [
		{
			"value": "0x0000",
			"name": "Audio Filter off"
		},
		{
			"value": "0x0002",
			"name": "A500/No PWM"
		},
		{
			"value": "0x000A",
			"name": "A500/PWM"
		},
		{
			"value": "0x0006",
			"name": "A1200/No PWM"
		},
		{
			"value": "0x000E",
			"name": "A1200/PWM"
		}
        ]
	}
    ]
  }
}
