{
    "video": {
        "magic": "APF_VER_1",
        "scaler_modes": [
            {
                "width": 320,
                "height": 256,
                "aspect_w": 160,
                "aspect_h": 144,
                "rotation": 0,
                "mirror": 0
            },
			{
                "width": 320,
                "height": 256,
                "aspect_w": 160,
                "aspect_h": 144,
                "rotation": 0,
                "mirror": 0
            },
			{
                "width": 640,
                "height": 256,
                "aspect_w": 160,
                "aspect_h": 144,
                "rotation": 0,
                "mirror": 0
            },
			{
                "width": 640,
                "height": 256,
                "aspect_w": 160,
                "aspect_h": 144,
                "rotation": 0,
                "mirror": 0
            },
			{
                "width": 320,
                "height": 512,
                "aspect_w": 160,
                "aspect_h": 144,
                "rotation": 0,
                "mirror": 0
            },
			{
                "width": 320,
                "height": 512,
                "aspect_w": 160,
                "aspect_h": 144,
                "rotation": 0,
                "mirror": 0
            },
			{
                "width": 640,
                "height": 512,
                "aspect_w": 160,
                "aspect_h": 144,
                "rotation": 0,
                "mirror": 0
            },
			{
                "width": 640,
                "height": 512,
                "aspect_w": 160,
                "aspect_h": 144,
                "rotation": 0,
                "mirror": 0
            }
        ]
    }
}